{"cameraMode":{"drawMode":0,"name":"Shaded","section":"Shading Mode"},"sceneLighting":true,"audioPlay":false,"sceneViewState":{"showFog":true,"showMaterialUpdate":false,"showSkybox":true,"showFlares":true,"showImageEffects":true,"showParticleSystems":true},"in2DMode":false,"pivot":{"x":-1.063185214996338,"y":-7.116925239562988,"z":15.687359809875489},"rotation":{"x":0.1833728402853012,"y":-0.029486510902643205,"z":0.005502820014953613,"w":0.9825876951217651},"size":35.66703414916992,"orthographic":false}