{"cameraMode":{"drawMode":0,"name":"Shaded","section":"Shading Mode"},"sceneLighting":true,"audioPlay":false,"sceneViewState":{"showFog":true,"showMaterialUpdate":false,"showSkybox":true,"showFlares":true,"showImageEffects":true,"showParticleSystems":true},"in2DMode":false,"pivot":{"x":5.960464477539063e-8,"y":0.7450000047683716,"z":-1.1920928955078126e-7},"rotation":{"x":-0.22479985654354096,"y":-0.11312651634216309,"z":0.02628595568239689,"w":-0.9674603343009949},"size":10.713319778442383,"orthographic":false}